timeStamp,elapsed,label,responseCode,responseMessage,threadName,dataType,success,failureMessage,bytes,sentBytes,grpThreads,allThreads,URL,Latency,IdleTime,Connect
1665156724433,182,TJS Download,200,OK,Download_Services 1-3,text,true,,992,1622,4,4,http://filenetqa.carmax.org/TransactionJacketService/ws/TransactionJacket.wsdl,182,0,2
1665156724548,178,TJS Download,200,OK,Download_Services 1-4,text,true,,990,1621,4,4,http://filenetqa.carmax.org/TransactionJacketService/ws/TransactionJacket.wsdl,178,0,2
1665156724671,147,TJS Download,200,OK,Download_Services 1-5,text,true,,992,1622,4,4,http://filenetqa.carmax.org/TransactionJacketService/ws/TransactionJacket.wsdl,147,0,1
1665156724790,141,TJS Download,200,OK,Download_Services 1-6,text,true,,990,1622,4,4,http://filenetqa.carmax.org/TransactionJacketService/ws/TransactionJacket.wsdl,141,0,0
1665156724913,139,TJS Download,200,OK,Download_Services 1-7,text,true,,992,1622,4,4,http://filenetqa.carmax.org/TransactionJacketService/ws/TransactionJacket.wsdl,139,0,1
1665156725032,149,TJS Download,200,OK,Download_Services 1-8,text,true,,990,1622,4,4,http://filenetqa.carmax.org/TransactionJacketService/ws/TransactionJacket.wsdl,149,0,1
1665156725152,151,TJS Download,200,OK,Download_Services 1-9,text,true,,992,1620,4,4,http://filenetqa.carmax.org/TransactionJacketService/ws/TransactionJacket.wsdl,151,0,1
1665156724189,1227,TJS Download,200,OK,Download_Services 1-1,text,true,,992,1622,4,4,http://filenetqa.carmax.org/TransactionJacketService/ws/TransactionJacket.wsdl,1226,0,3
1665156724314,1185,TJS Download,200,OK,Download_Services 1-2,text,true,,992,1622,3,3,http://filenetqa.carmax.org/TransactionJacketService/ws/TransactionJacket.wsdl,1185,0,1
1665156725275,225,TJS Download,200,OK,Download_Services 1-10,text,true,,992,1622,2,2,http://filenetqa.carmax.org/TransactionJacketService/ws/TransactionJacket.wsdl,225,0,3
1665156725395,159,TJS Download,200,OK,Download_Services 1-11,text,true,,992,1622,2,2,http://filenetqa.carmax.org/TransactionJacketService/ws/TransactionJacket.wsdl,159,0,1
1665156725516,144,TJS Download,200,OK,Download_Services 1-12,text,true,,992,1621,2,2,http://filenetqa.carmax.org/TransactionJacketService/ws/TransactionJacket.wsdl,144,0,1
1665156725637,149,TJS Download,200,OK,Download_Services 1-13,text,true,,992,1622,2,2,http://filenetqa.carmax.org/TransactionJacketService/ws/TransactionJacket.wsdl,149,0,1
1665156725758,140,TJS Download,200,OK,Download_Services 1-14,text,true,,992,1622,2,2,http://filenetqa.carmax.org/TransactionJacketService/ws/TransactionJacket.wsdl,140,0,1
1665156725878,148,TJS Download,200,OK,Download_Services 1-15,text,true,,992,1622,2,2,http://filenetqa.carmax.org/TransactionJacketService/ws/TransactionJacket.wsdl,148,0,2
1665156725999,149,TJS Download,200,OK,Download_Services 1-16,text,true,,992,1622,2,2,http://filenetqa.carmax.org/TransactionJacketService/ws/TransactionJacket.wsdl,149,0,1
1665156726120,153,TJS Download,200,OK,Download_Services 1-17,text,true,,992,1621,2,2,http://filenetqa.carmax.org/TransactionJacketService/ws/TransactionJacket.wsdl,153,0,1
1665156726241,142,TJS Download,200,OK,Download_Services 1-18,text,true,,992,1622,2,2,http://filenetqa.carmax.org/TransactionJacketService/ws/TransactionJacket.wsdl,142,0,2
1665156726362,147,TJS Download,200,OK,Download_Services 1-19,text,true,,992,1622,2,2,http://filenetqa.carmax.org/TransactionJacketService/ws/TransactionJacket.wsdl,147,0,1
1665156726483,163,TJS Download,200,OK,Download_Services 1-20,text,true,,992,1622,2,2,http://filenetqa.carmax.org/TransactionJacketService/ws/TransactionJacket.wsdl,163,0,1
1665156726604,171,TJS Download,200,OK,Download_Services 1-21,text,true,,992,1622,2,2,http://filenetqa.carmax.org/TransactionJacketService/ws/TransactionJacket.wsdl,170,0,1
1665156726726,156,TJS Download,200,OK,Download_Services 1-22,text,true,,992,1622,2,2,http://filenetqa.carmax.org/TransactionJacketService/ws/TransactionJacket.wsdl,156,0,1
1665156726846,143,TJS Download,200,OK,Download_Services 1-23,text,true,,990,1622,2,2,http://filenetqa.carmax.org/TransactionJacketService/ws/TransactionJacket.wsdl,143,0,2
1665156726967,148,TJS Download,200,OK,Download_Services 1-24,text,true,,992,1622,2,2,http://filenetqa.carmax.org/TransactionJacketService/ws/TransactionJacket.wsdl,148,0,2
1665156727089,151,TJS Download,200,OK,Download_Services 1-25,text,true,,992,1622,2,2,http://filenetqa.carmax.org/TransactionJacketService/ws/TransactionJacket.wsdl,151,0,1
1665156727210,173,TJS Download,200,OK,Download_Services 1-26,text,true,,992,1622,2,2,http://filenetqa.carmax.org/TransactionJacketService/ws/TransactionJacket.wsdl,172,0,1
1665156727329,167,TJS Download,200,OK,Download_Services 1-27,text,true,,992,1622,2,2,http://filenetqa.carmax.org/TransactionJacketService/ws/TransactionJacket.wsdl,167,0,2
1665156727451,173,TJS Download,200,OK,Download_Services 1-28,text,true,,992,1622,2,2,http://filenetqa.carmax.org/TransactionJacketService/ws/TransactionJacket.wsdl,173,0,1
1665156727572,163,TJS Download,200,OK,Download_Services 1-29,text,true,,990,1622,2,2,http://filenetqa.carmax.org/TransactionJacketService/ws/TransactionJacket.wsdl,163,0,1
1665156727693,163,TJS Download,200,OK,Download_Services 1-30,text,true,,992,1622,2,2,http://filenetqa.carmax.org/TransactionJacketService/ws/TransactionJacket.wsdl,163,0,1
1665156727813,147,TJS Download,200,OK,Download_Services 1-31,text,true,,992,1622,2,2,http://filenetqa.carmax.org/TransactionJacketService/ws/TransactionJacket.wsdl,147,0,2
1665156727935,171,TJS Download,200,OK,Download_Services 1-32,text,true,,992,1622,2,2,http://filenetqa.carmax.org/TransactionJacketService/ws/TransactionJacket.wsdl,171,0,1
1665156728056,143,TJS Download,200,OK,Download_Services 1-33,text,true,,992,1621,2,2,http://filenetqa.carmax.org/TransactionJacketService/ws/TransactionJacket.wsdl,143,0,1
1665156728177,167,TJS Download,200,OK,Download_Services 1-34,text,true,,991,1621,2,2,http://filenetqa.carmax.org/TransactionJacketService/ws/TransactionJacket.wsdl,167,0,1
1665156728298,182,TJS Download,200,OK,Download_Services 1-35,text,true,,991,1622,2,2,http://filenetqa.carmax.org/TransactionJacketService/ws/TransactionJacket.wsdl,182,0,2
1665156728419,178,TJS Download,200,OK,Download_Services 1-36,text,true,,992,1622,2,2,http://filenetqa.carmax.org/TransactionJacketService/ws/TransactionJacket.wsdl,178,0,2
1665156728540,143,TJS Download,200,OK,Download_Services 1-37,text,true,,992,1622,2,2,http://filenetqa.carmax.org/TransactionJacketService/ws/TransactionJacket.wsdl,143,0,1
1665156728661,165,TJS Download,200,OK,Download_Services 1-38,text,true,,992,1622,2,2,http://filenetqa.carmax.org/TransactionJacketService/ws/TransactionJacket.wsdl,165,0,2
1665156728782,176,TJS Download,200,OK,Download_Services 1-39,text,true,,990,1622,2,2,http://filenetqa.carmax.org/TransactionJacketService/ws/TransactionJacket.wsdl,176,0,2
1665156728902,164,TJS Download,200,OK,Download_Services 1-40,text,true,,992,1622,2,2,http://filenetqa.carmax.org/TransactionJacketService/ws/TransactionJacket.wsdl,164,0,1
1665156729024,179,TJS Download,200,OK,Download_Services 1-41,text,true,,989,1622,2,2,http://filenetqa.carmax.org/TransactionJacketService/ws/TransactionJacket.wsdl,179,0,1
1665156729145,186,TJS Download,200,OK,Download_Services 1-42,text,true,,992,1622,2,2,http://filenetqa.carmax.org/TransactionJacketService/ws/TransactionJacket.wsdl,186,0,1
1665156729266,189,TJS Download,200,OK,Download_Services 1-43,text,true,,992,1622,2,2,http://filenetqa.carmax.org/TransactionJacketService/ws/TransactionJacket.wsdl,189,0,1
1665156729387,195,TJS Download,200,OK,Download_Services 1-44,text,true,,991,1622,2,2,http://filenetqa.carmax.org/TransactionJacketService/ws/TransactionJacket.wsdl,195,0,2
1665156729508,197,TJS Download,200,OK,Download_Services 1-45,text,true,,992,1622,2,2,http://filenetqa.carmax.org/TransactionJacketService/ws/TransactionJacket.wsdl,197,0,2
1665156729630,191,TJS Download,200,OK,Download_Services 1-46,text,true,,992,1622,2,2,http://filenetqa.carmax.org/TransactionJacketService/ws/TransactionJacket.wsdl,191,0,1
1665156729750,177,TJS Download,200,OK,Download_Services 1-47,text,true,,992,1621,2,2,http://filenetqa.carmax.org/TransactionJacketService/ws/TransactionJacket.wsdl,177,0,1
1665156729871,149,TJS Download,200,OK,Download_Services 1-48,text,true,,989,1622,2,2,http://filenetqa.carmax.org/TransactionJacketService/ws/TransactionJacket.wsdl,149,0,1
1665156729993,184,TJS Download,200,OK,Download_Services 1-49,text,true,,992,1622,2,2,http://filenetqa.carmax.org/TransactionJacketService/ws/TransactionJacket.wsdl,184,0,2
1665156730115,226,TJS Download,200,OK,Download_Services 1-50,text,true,,992,1622,2,2,http://filenetqa.carmax.org/TransactionJacketService/ws/TransactionJacket.wsdl,226,0,4
1665156730240,201,TJS Download,200,OK,Download_Services 1-51,text,true,,992,1621,2,2,http://filenetqa.carmax.org/TransactionJacketService/ws/TransactionJacket.wsdl,201,0,1
1665156730356,159,TJS Download,200,OK,Download_Services 1-52,text,true,,991,1622,2,2,http://filenetqa.carmax.org/TransactionJacketService/ws/TransactionJacket.wsdl,159,0,1
1665156730477,165,TJS Download,200,OK,Download_Services 1-53,text,true,,992,1622,2,2,http://filenetqa.carmax.org/TransactionJacketService/ws/TransactionJacket.wsdl,165,0,3
1665156730598,154,TJS Download,200,OK,Download_Services 1-54,text,true,,992,1621,2,2,http://filenetqa.carmax.org/TransactionJacketService/ws/TransactionJacket.wsdl,154,0,1
1665156730719,174,TJS Download,200,OK,Download_Services 1-55,text,true,,990,1622,2,2,http://filenetqa.carmax.org/TransactionJacketService/ws/TransactionJacket.wsdl,174,0,1
1665156730838,188,TJS Download,200,OK,Download_Services 1-56,text,true,,992,1622,2,2,http://filenetqa.carmax.org/TransactionJacketService/ws/TransactionJacket.wsdl,188,0,2
1665156730961,211,TJS Download,200,OK,Download_Services 1-57,text,true,,992,1622,2,2,http://filenetqa.carmax.org/TransactionJacketService/ws/TransactionJacket.wsdl,211,0,1
1665156731082,166,TJS Download,200,OK,Download_Services 1-58,text,true,,992,1622,2,2,http://filenetqa.carmax.org/TransactionJacketService/ws/TransactionJacket.wsdl,166,0,1
1665156731202,155,TJS Download,200,OK,Download_Services 1-59,text,true,,992,1622,2,2,http://filenetqa.carmax.org/TransactionJacketService/ws/TransactionJacket.wsdl,155,0,1
1665156731322,178,TJS Download,200,OK,Download_Services 1-60,text,true,,992,1622,2,2,http://filenetqa.carmax.org/TransactionJacketService/ws/TransactionJacket.wsdl,178,0,2
1665156731447,166,TJS Download,200,OK,Download_Services 1-61,text,true,,992,1622,2,2,http://filenetqa.carmax.org/TransactionJacketService/ws/TransactionJacket.wsdl,166,0,2
1665156731568,154,TJS Download,200,OK,Download_Services 1-62,text,true,,992,1622,2,2,http://filenetqa.carmax.org/TransactionJacketService/ws/TransactionJacket.wsdl,154,0,1
1665156731687,167,TJS Download,200,OK,Download_Services 1-63,text,true,,992,1622,2,2,http://filenetqa.carmax.org/TransactionJacketService/ws/TransactionJacket.wsdl,167,0,1
1665156731808,152,TJS Download,200,OK,Download_Services 1-64,text,true,,992,1622,2,2,http://filenetqa.carmax.org/TransactionJacketService/ws/TransactionJacket.wsdl,152,0,1
1665156732050,156,TJS Download,200,OK,Download_Services 1-66,text,true,,992,1622,3,3,http://filenetqa.carmax.org/TransactionJacketService/ws/TransactionJacket.wsdl,156,0,1
1665156732171,161,TJS Download,200,OK,Download_Services 1-67,text,true,,992,1622,3,3,http://filenetqa.carmax.org/TransactionJacketService/ws/TransactionJacket.wsdl,161,0,1
1665156732292,237,TJS Download,200,OK,Download_Services 1-68,text,true,,992,1622,3,3,http://filenetqa.carmax.org/TransactionJacketService/ws/TransactionJacket.wsdl,237,0,2
1665156732412,166,TJS Download,200,OK,Download_Services 1-69,text,true,,992,1622,3,3,http://filenetqa.carmax.org/TransactionJacketService/ws/TransactionJacket.wsdl,166,0,2
1665156732533,169,TJS Download,200,OK,Download_Services 1-70,text,true,,991,1622,3,3,http://filenetqa.carmax.org/TransactionJacketService/ws/TransactionJacket.wsdl,169,0,1
1665156731928,904,TJS Download,200,OK,Download_Services 1-65,text,false,Test failed: text expected to contain /\\CLBFLNFSSQ21FS\/,1183,1622,3,3,http://filenetqa.carmax.org/TransactionJacketService/ws/TransactionJacket.wsdl,904,0,2
1665156732657,189,TJS Download,200,OK,Download_Services 1-71,text,true,,992,1621,2,2,http://filenetqa.carmax.org/TransactionJacketService/ws/TransactionJacket.wsdl,189,0,2
1665156732777,178,TJS Download,200,OK,Download_Services 1-72,text,true,,992,1622,2,2,http://filenetqa.carmax.org/TransactionJacketService/ws/TransactionJacket.wsdl,178,0,1
1665156732898,171,TJS Download,200,OK,Download_Services 1-73,text,true,,992,1620,2,2,http://filenetqa.carmax.org/TransactionJacketService/ws/TransactionJacket.wsdl,171,0,2
1665156733017,176,TJS Download,200,OK,Download_Services 1-74,text,true,,992,1622,2,2,http://filenetqa.carmax.org/TransactionJacketService/ws/TransactionJacket.wsdl,176,0,2
1665156733138,169,TJS Download,200,OK,Download_Services 1-75,text,true,,989,1622,2,2,http://filenetqa.carmax.org/TransactionJacketService/ws/TransactionJacket.wsdl,169,0,1
1665156733260,173,TJS Download,200,OK,Download_Services 1-76,text,true,,992,1622,2,2,http://filenetqa.carmax.org/TransactionJacketService/ws/TransactionJacket.wsdl,173,0,2
1665156733381,166,TJS Download,200,OK,Download_Services 1-77,text,true,,992,1622,2,2,http://filenetqa.carmax.org/TransactionJacketService/ws/TransactionJacket.wsdl,166,0,1
1665156733502,163,TJS Download,200,OK,Download_Services 1-78,text,true,,990,1621,2,2,http://filenetqa.carmax.org/TransactionJacketService/ws/TransactionJacket.wsdl,163,0,1
1665156733623,172,TJS Download,200,OK,Download_Services 1-79,text,true,,992,1621,2,2,http://filenetqa.carmax.org/TransactionJacketService/ws/TransactionJacket.wsdl,172,0,1
1665156733744,176,TJS Download,200,OK,Download_Services 1-80,text,true,,991,1621,2,2,http://filenetqa.carmax.org/TransactionJacketService/ws/TransactionJacket.wsdl,176,0,2
1665156733865,163,TJS Download,200,OK,Download_Services 1-81,text,true,,992,1622,2,2,http://filenetqa.carmax.org/TransactionJacketService/ws/TransactionJacket.wsdl,163,0,1
1665156733986,172,TJS Download,200,OK,Download_Services 1-82,text,true,,992,1622,2,2,http://filenetqa.carmax.org/TransactionJacketService/ws/TransactionJacket.wsdl,172,0,1
1665156734107,172,TJS Download,200,OK,Download_Services 1-83,text,true,,992,1622,2,2,http://filenetqa.carmax.org/TransactionJacketService/ws/TransactionJacket.wsdl,172,0,1
1665156734228,161,TJS Download,200,OK,Download_Services 1-84,text,true,,992,1622,2,2,http://filenetqa.carmax.org/TransactionJacketService/ws/TransactionJacket.wsdl,161,0,1
1665156734349,166,TJS Download,200,OK,Download_Services 1-85,text,true,,992,1622,2,2,http://filenetqa.carmax.org/TransactionJacketService/ws/TransactionJacket.wsdl,166,0,1
1665156734469,170,TJS Download,200,OK,Download_Services 1-86,text,true,,991,1622,2,2,http://filenetqa.carmax.org/TransactionJacketService/ws/TransactionJacket.wsdl,170,0,2
1665156734590,156,TJS Download,200,OK,Download_Services 1-87,text,true,,992,1622,2,2,http://filenetqa.carmax.org/TransactionJacketService/ws/TransactionJacket.wsdl,156,0,2
1665156734711,149,TJS Download,200,OK,Download_Services 1-88,text,true,,992,1622,2,2,http://filenetqa.carmax.org/TransactionJacketService/ws/TransactionJacket.wsdl,149,0,2
1665156734832,172,TJS Download,200,OK,Download_Services 1-89,text,true,,991,1622,2,2,http://filenetqa.carmax.org/TransactionJacketService/ws/TransactionJacket.wsdl,172,0,1
1665156734954,169,TJS Download,200,OK,Download_Services 1-90,text,true,,992,1621,2,2,http://filenetqa.carmax.org/TransactionJacketService/ws/TransactionJacket.wsdl,169,0,1
1665156735074,142,TJS Download,200,OK,Download_Services 1-91,text,true,,992,1622,2,2,http://filenetqa.carmax.org/TransactionJacketService/ws/TransactionJacket.wsdl,142,0,1
1665156735195,167,TJS Download,200,OK,Download_Services 1-92,text,true,,992,1621,2,2,http://filenetqa.carmax.org/TransactionJacketService/ws/TransactionJacket.wsdl,167,0,1
1665156735321,162,TJS Download,200,OK,Download_Services 1-93,text,true,,992,1622,2,2,http://filenetqa.carmax.org/TransactionJacketService/ws/TransactionJacket.wsdl,162,0,1
1665156735438,172,TJS Download,200,OK,Download_Services 1-94,text,true,,992,1622,2,2,http://filenetqa.carmax.org/TransactionJacketService/ws/TransactionJacket.wsdl,172,0,2
1665156735559,211,TJS Download,200,OK,Download_Services 1-95,text,true,,992,1622,2,2,http://filenetqa.carmax.org/TransactionJacketService/ws/TransactionJacket.wsdl,211,0,1
1665156735680,197,TJS Download,200,OK,Download_Services 1-96,text,true,,992,1622,2,2,http://filenetqa.carmax.org/TransactionJacketService/ws/TransactionJacket.wsdl,197,0,3
1665156735800,159,TJS Download,200,OK,Download_Services 1-97,text,true,,992,1622,2,2,http://filenetqa.carmax.org/TransactionJacketService/ws/TransactionJacket.wsdl,159,0,2
1665156735922,170,TJS Download,200,OK,Download_Services 1-98,text,true,,990,1622,2,2,http://filenetqa.carmax.org/TransactionJacketService/ws/TransactionJacket.wsdl,170,0,1
1665156736044,177,TJS Download,200,OK,Download_Services 1-99,text,true,,992,1622,2,2,http://filenetqa.carmax.org/TransactionJacketService/ws/TransactionJacket.wsdl,177,0,1
1665156736163,171,TJS Download,200,OK,Download_Services 1-100,text,true,,992,1622,2,2,http://filenetqa.carmax.org/TransactionJacketService/ws/TransactionJacket.wsdl,171,0,1
1665156736285,250,TJS Download,200,OK,Download_Services 1-101,text,true,,991,1622,3,3,http://filenetqa.carmax.org/TransactionJacketService/ws/TransactionJacket.wsdl,250,0,1
1665156736407,157,TJS Download,200,OK,Download_Services 1-102,text,true,,991,1622,2,2,http://filenetqa.carmax.org/TransactionJacketService/ws/TransactionJacket.wsdl,157,0,2
1665156736528,198,TJS Download,200,OK,Download_Services 1-103,text,true,,988,1622,2,2,http://filenetqa.carmax.org/TransactionJacketService/ws/TransactionJacket.wsdl,198,0,2
1665156736650,176,TJS Download,200,OK,Download_Services 1-104,text,true,,992,1622,2,2,http://filenetqa.carmax.org/TransactionJacketService/ws/TransactionJacket.wsdl,176,0,2
1665156736770,172,TJS Download,200,OK,Download_Services 1-105,text,true,,992,1622,2,2,http://filenetqa.carmax.org/TransactionJacketService/ws/TransactionJacket.wsdl,172,0,1
1665156736892,216,TJS Download,200,OK,Download_Services 1-106,text,true,,992,1622,2,2,http://filenetqa.carmax.org/TransactionJacketService/ws/TransactionJacket.wsdl,215,0,2
1665156737012,189,TJS Download,200,OK,Download_Services 1-107,text,true,,992,1622,2,2,http://filenetqa.carmax.org/TransactionJacketService/ws/TransactionJacket.wsdl,189,0,2
1665156737132,178,TJS Download,200,OK,Download_Services 1-108,text,true,,992,1622,2,2,http://filenetqa.carmax.org/TransactionJacketService/ws/TransactionJacket.wsdl,178,0,2
1665156737253,172,TJS Download,200,OK,Download_Services 1-109,text,true,,990,1622,2,2,http://filenetqa.carmax.org/TransactionJacketService/ws/TransactionJacket.wsdl,172,0,2
1665156737373,175,TJS Download,200,OK,Download_Services 1-110,text,true,,992,1622,2,2,http://filenetqa.carmax.org/TransactionJacketService/ws/TransactionJacket.wsdl,175,0,2
1665156737493,198,TJS Download,200,OK,Download_Services 1-111,text,true,,992,1621,2,2,http://filenetqa.carmax.org/TransactionJacketService/ws/TransactionJacket.wsdl,197,0,1
1665156737614,190,TJS Download,200,OK,Download_Services 1-112,text,true,,990,1622,2,2,http://filenetqa.carmax.org/TransactionJacketService/ws/TransactionJacket.wsdl,190,0,2
1665156737735,152,TJS Download,200,OK,Download_Services 1-113,text,true,,992,1622,2,2,http://filenetqa.carmax.org/TransactionJacketService/ws/TransactionJacket.wsdl,152,0,1
1665156737858,151,TJS Download,200,OK,Download_Services 1-114,text,true,,991,1622,2,2,http://filenetqa.carmax.org/TransactionJacketService/ws/TransactionJacket.wsdl,151,0,1
1665156737977,139,TJS Download,200,OK,Download_Services 1-115,text,true,,992,1621,2,2,http://filenetqa.carmax.org/TransactionJacketService/ws/TransactionJacket.wsdl,139,0,1
1665156738098,168,TJS Download,200,OK,Download_Services 1-116,text,true,,992,1622,2,2,http://filenetqa.carmax.org/TransactionJacketService/ws/TransactionJacket.wsdl,168,0,1
1665156738220,164,TJS Download,200,OK,Download_Services 1-117,text,true,,992,1622,2,2,http://filenetqa.carmax.org/TransactionJacketService/ws/TransactionJacket.wsdl,164,0,2
1665156738340,207,TJS Download,200,OK,Download_Services 1-118,text,true,,992,1622,2,2,http://filenetqa.carmax.org/TransactionJacketService/ws/TransactionJacket.wsdl,207,0,2
1665156738462,158,TJS Download,200,OK,Download_Services 1-119,text,true,,991,1622,2,2,http://filenetqa.carmax.org/TransactionJacketService/ws/TransactionJacket.wsdl,158,0,1
1665156738584,165,TJS Download,200,OK,Download_Services 1-120,text,true,,992,1622,2,2,http://filenetqa.carmax.org/TransactionJacketService/ws/TransactionJacket.wsdl,165,0,1
1665156738703,156,TJS Download,200,OK,Download_Services 1-121,text,true,,991,1622,2,2,http://filenetqa.carmax.org/TransactionJacketService/ws/TransactionJacket.wsdl,156,0,1
1665156738825,177,TJS Download,200,OK,Download_Services 1-122,text,true,,992,1622,2,2,http://filenetqa.carmax.org/TransactionJacketService/ws/TransactionJacket.wsdl,177,0,1
1665156738946,157,TJS Download,200,OK,Download_Services 1-123,text,true,,992,1622,2,2,http://filenetqa.carmax.org/TransactionJacketService/ws/TransactionJacket.wsdl,157,0,2
1665156739066,162,TJS Download,200,OK,Download_Services 1-124,text,true,,992,1622,2,2,http://filenetqa.carmax.org/TransactionJacketService/ws/TransactionJacket.wsdl,162,0,1
1665156739187,162,TJS Download,200,OK,Download_Services 1-125,text,true,,991,1622,2,2,http://filenetqa.carmax.org/TransactionJacketService/ws/TransactionJacket.wsdl,162,0,1
1665156739309,156,TJS Download,200,OK,Download_Services 1-126,text,true,,990,1622,2,2,http://filenetqa.carmax.org/TransactionJacketService/ws/TransactionJacket.wsdl,156,0,1
1665156739429,188,TJS Download,200,OK,Download_Services 1-127,text,true,,992,1622,2,2,http://filenetqa.carmax.org/TransactionJacketService/ws/TransactionJacket.wsdl,188,0,1
1665156739551,169,TJS Download,200,OK,Download_Services 1-128,text,true,,992,1622,2,2,http://filenetqa.carmax.org/TransactionJacketService/ws/TransactionJacket.wsdl,169,0,1
1665156739671,148,TJS Download,200,OK,Download_Services 1-129,text,true,,992,1622,2,2,http://filenetqa.carmax.org/TransactionJacketService/ws/TransactionJacket.wsdl,148,0,2
1665156739792,192,TJS Download,200,OK,Download_Services 1-130,text,true,,992,1622,2,2,http://filenetqa.carmax.org/TransactionJacketService/ws/TransactionJacket.wsdl,192,0,1
1665156739914,187,TJS Download,200,OK,Download_Services 1-131,text,true,,990,1622,2,2,http://filenetqa.carmax.org/TransactionJacketService/ws/TransactionJacket.wsdl,187,0,1
1665156740034,173,TJS Download,200,OK,Download_Services 1-132,text,true,,992,1622,2,2,http://filenetqa.carmax.org/TransactionJacketService/ws/TransactionJacket.wsdl,173,0,1
1665156740155,151,TJS Download,200,OK,Download_Services 1-133,text,true,,992,1622,2,2,http://filenetqa.carmax.org/TransactionJacketService/ws/TransactionJacket.wsdl,151,0,2
1665156740276,158,TJS Download,200,OK,Download_Services 1-134,text,true,,992,1622,2,2,http://filenetqa.carmax.org/TransactionJacketService/ws/TransactionJacket.wsdl,158,0,1
1665156740399,146,TJS Download,200,OK,Download_Services 1-135,text,true,,990,1621,2,2,http://filenetqa.carmax.org/TransactionJacketService/ws/TransactionJacket.wsdl,146,0,1
1665156740520,170,TJS Download,200,OK,Download_Services 1-136,text,true,,992,1621,2,2,http://filenetqa.carmax.org/TransactionJacketService/ws/TransactionJacket.wsdl,170,0,1
1665156740642,192,TJS Download,200,OK,Download_Services 1-137,text,true,,988,1622,2,2,http://filenetqa.carmax.org/TransactionJacketService/ws/TransactionJacket.wsdl,192,0,1
1665156740762,192,TJS Download,200,OK,Download_Services 1-138,text,true,,992,1622,2,2,http://filenetqa.carmax.org/TransactionJacketService/ws/TransactionJacket.wsdl,192,0,1
1665156740883,167,TJS Download,200,OK,Download_Services 1-139,text,true,,992,1622,2,2,http://filenetqa.carmax.org/TransactionJacketService/ws/TransactionJacket.wsdl,166,0,1
1665156741005,209,TJS Download,200,OK,Download_Services 1-140,text,true,,992,1622,2,2,http://filenetqa.carmax.org/TransactionJacketService/ws/TransactionJacket.wsdl,209,0,1
1665156741125,247,TJS Download,200,OK,Download_Services 1-141,text,true,,992,1622,3,3,http://filenetqa.carmax.org/TransactionJacketService/ws/TransactionJacket.wsdl,247,0,1
1665156741246,199,TJS Download,200,OK,Download_Services 1-142,text,true,,992,1622,2,2,http://filenetqa.carmax.org/TransactionJacketService/ws/TransactionJacket.wsdl,199,0,1
1665156741368,182,TJS Download,200,OK,Download_Services 1-143,text,true,,991,1620,2,2,http://filenetqa.carmax.org/TransactionJacketService/ws/TransactionJacket.wsdl,182,0,1
1665156741489,149,TJS Download,200,OK,Download_Services 1-144,text,true,,992,1621,2,2,http://filenetqa.carmax.org/TransactionJacketService/ws/TransactionJacket.wsdl,149,0,1
1665156741608,169,TJS Download,200,OK,Download_Services 1-145,text,true,,992,1622,2,2,http://filenetqa.carmax.org/TransactionJacketService/ws/TransactionJacket.wsdl,169,0,1
1665156741730,176,TJS Download,200,OK,Download_Services 1-146,text,true,,991,1622,2,2,http://filenetqa.carmax.org/TransactionJacketService/ws/TransactionJacket.wsdl,176,0,1
1665156741849,163,TJS Download,200,OK,Download_Services 1-147,text,true,,992,1622,2,2,http://filenetqa.carmax.org/TransactionJacketService/ws/TransactionJacket.wsdl,163,0,2
1665156741972,166,TJS Download,200,OK,Download_Services 1-148,text,true,,992,1622,2,2,http://filenetqa.carmax.org/TransactionJacketService/ws/TransactionJacket.wsdl,166,0,1
1665156742092,170,TJS Download,200,OK,Download_Services 1-149,text,true,,992,1622,2,2,http://filenetqa.carmax.org/TransactionJacketService/ws/TransactionJacket.wsdl,170,0,1
1665156742214,144,TJS Download,200,OK,Download_Services 1-150,text,true,,992,1622,2,2,http://filenetqa.carmax.org/TransactionJacketService/ws/TransactionJacket.wsdl,144,0,1
1665156742334,142,TJS Download,200,OK,Download_Services 1-151,text,true,,992,1621,2,2,http://filenetqa.carmax.org/TransactionJacketService/ws/TransactionJacket.wsdl,142,0,1
1665156742455,167,TJS Download,200,OK,Download_Services 1-152,text,true,,992,1622,2,2,http://filenetqa.carmax.org/TransactionJacketService/ws/TransactionJacket.wsdl,167,0,1
1665156742577,188,TJS Download,200,OK,Download_Services 1-153,text,true,,992,1622,2,2,http://filenetqa.carmax.org/TransactionJacketService/ws/TransactionJacket.wsdl,188,0,1
1665156742698,184,TJS Download,200,OK,Download_Services 1-154,text,true,,992,1622,2,2,http://filenetqa.carmax.org/TransactionJacketService/ws/TransactionJacket.wsdl,184,0,1
1665156742818,180,TJS Download,200,OK,Download_Services 1-155,text,true,,992,1622,2,2,http://filenetqa.carmax.org/TransactionJacketService/ws/TransactionJacket.wsdl,180,0,1
1665156742941,151,TJS Download,200,OK,Download_Services 1-156,text,true,,991,1622,2,2,http://filenetqa.carmax.org/TransactionJacketService/ws/TransactionJacket.wsdl,151,0,1
1665156743062,155,TJS Download,200,OK,Download_Services 1-157,text,true,,992,1622,2,2,http://filenetqa.carmax.org/TransactionJacketService/ws/TransactionJacket.wsdl,155,0,1
1665156743183,176,TJS Download,200,OK,Download_Services 1-158,text,true,,992,1622,2,2,http://filenetqa.carmax.org/TransactionJacketService/ws/TransactionJacket.wsdl,176,0,1
1665156743307,135,TJS Download,200,OK,Download_Services 1-159,text,true,,991,1622,2,2,http://filenetqa.carmax.org/TransactionJacketService/ws/TransactionJacket.wsdl,134,0,1
1665156743423,151,TJS Download,200,OK,Download_Services 1-160,text,true,,992,1622,2,2,http://filenetqa.carmax.org/TransactionJacketService/ws/TransactionJacket.wsdl,151,0,1
1665156743546,169,TJS Download,200,OK,Download_Services 1-161,text,true,,992,1622,2,2,http://filenetqa.carmax.org/TransactionJacketService/ws/TransactionJacket.wsdl,169,0,1
1665156743667,175,TJS Download,200,OK,Download_Services 1-162,text,true,,992,1622,2,2,http://filenetqa.carmax.org/TransactionJacketService/ws/TransactionJacket.wsdl,175,0,0
1665156743787,171,TJS Download,200,OK,Download_Services 1-163,text,true,,992,1622,2,2,http://filenetqa.carmax.org/TransactionJacketService/ws/TransactionJacket.wsdl,171,0,1
1665156743907,167,TJS Download,200,OK,Download_Services 1-164,text,true,,990,1622,2,2,http://filenetqa.carmax.org/TransactionJacketService/ws/TransactionJacket.wsdl,167,0,1
1665156744029,172,TJS Download,200,OK,Download_Services 1-165,text,true,,992,1621,2,2,http://filenetqa.carmax.org/TransactionJacketService/ws/TransactionJacket.wsdl,172,0,1
1665156744149,159,TJS Download,200,OK,Download_Services 1-166,text,true,,992,1622,2,2,http://filenetqa.carmax.org/TransactionJacketService/ws/TransactionJacket.wsdl,158,0,1
1665156744271,181,TJS Download,200,OK,Download_Services 1-167,text,true,,992,1622,2,2,http://filenetqa.carmax.org/TransactionJacketService/ws/TransactionJacket.wsdl,181,0,1
1665156744392,165,TJS Download,200,OK,Download_Services 1-168,text,true,,992,1622,2,2,http://filenetqa.carmax.org/TransactionJacketService/ws/TransactionJacket.wsdl,165,0,1
1665156744513,180,TJS Download,200,OK,Download_Services 1-169,text,true,,992,1622,2,2,http://filenetqa.carmax.org/TransactionJacketService/ws/TransactionJacket.wsdl,180,0,1
1665156744633,140,TJS Download,200,OK,Download_Services 1-170,text,true,,991,1622,2,2,http://filenetqa.carmax.org/TransactionJacketService/ws/TransactionJacket.wsdl,140,0,1
1665156744753,144,TJS Download,200,OK,Download_Services 1-171,text,true,,989,1622,2,2,http://filenetqa.carmax.org/TransactionJacketService/ws/TransactionJacket.wsdl,144,0,1
1665156744874,167,TJS Download,200,OK,Download_Services 1-172,text,true,,990,1622,2,2,http://filenetqa.carmax.org/TransactionJacketService/ws/TransactionJacket.wsdl,167,0,1
1665156744996,150,TJS Download,200,OK,Download_Services 1-173,text,true,,990,1622,2,2,http://filenetqa.carmax.org/TransactionJacketService/ws/TransactionJacket.wsdl,150,0,1
1665156745116,141,TJS Download,200,OK,Download_Services 1-174,text,true,,990,1622,2,2,http://filenetqa.carmax.org/TransactionJacketService/ws/TransactionJacket.wsdl,141,0,1
1665156745238,158,TJS Download,200,OK,Download_Services 1-175,text,true,,992,1621,2,2,http://filenetqa.carmax.org/TransactionJacketService/ws/TransactionJacket.wsdl,158,0,1
1665156745362,163,TJS Download,200,OK,Download_Services 1-176,text,true,,992,1622,2,2,http://filenetqa.carmax.org/TransactionJacketService/ws/TransactionJacket.wsdl,163,0,1
1665156745479,161,TJS Download,200,OK,Download_Services 1-177,text,true,,992,1622,2,2,http://filenetqa.carmax.org/TransactionJacketService/ws/TransactionJacket.wsdl,161,0,1
1665156745603,180,TJS Download,200,OK,Download_Services 1-178,text,true,,992,1622,2,2,http://filenetqa.carmax.org/TransactionJacketService/ws/TransactionJacket.wsdl,180,0,1
1665156745722,181,TJS Download,200,OK,Download_Services 1-179,text,true,,992,1622,2,2,http://filenetqa.carmax.org/TransactionJacketService/ws/TransactionJacket.wsdl,181,0,1
1665156745842,176,TJS Download,200,OK,Download_Services 1-180,text,true,,992,1621,2,2,http://filenetqa.carmax.org/TransactionJacketService/ws/TransactionJacket.wsdl,176,0,1
1665156745964,156,TJS Download,200,OK,Download_Services 1-181,text,true,,992,1622,2,2,http://filenetqa.carmax.org/TransactionJacketService/ws/TransactionJacket.wsdl,156,0,1
1665156746084,152,TJS Download,200,OK,Download_Services 1-182,text,true,,992,1621,2,2,http://filenetqa.carmax.org/TransactionJacketService/ws/TransactionJacket.wsdl,152,0,1
1665156746205,163,TJS Download,200,OK,Download_Services 1-183,text,true,,991,1622,2,2,http://filenetqa.carmax.org/TransactionJacketService/ws/TransactionJacket.wsdl,163,0,1
1665156746326,142,TJS Download,200,OK,Download_Services 1-184,text,true,,992,1622,2,2,http://filenetqa.carmax.org/TransactionJacketService/ws/TransactionJacket.wsdl,142,0,1
1665156746447,171,TJS Download,200,OK,Download_Services 1-185,text,true,,992,1622,2,2,http://filenetqa.carmax.org/TransactionJacketService/ws/TransactionJacket.wsdl,171,0,1
1665156746575,197,TJS Download,200,OK,Download_Services 1-186,text,true,,992,1622,2,2,http://filenetqa.carmax.org/TransactionJacketService/ws/TransactionJacket.wsdl,196,0,1
1665156746690,172,TJS Download,200,OK,Download_Services 1-187,text,true,,992,1622,2,2,http://filenetqa.carmax.org/TransactionJacketService/ws/TransactionJacket.wsdl,172,0,2
1665156746812,177,TJS Download,200,OK,Download_Services 1-188,text,true,,992,1622,2,2,http://filenetqa.carmax.org/TransactionJacketService/ws/TransactionJacket.wsdl,177,0,1
1665156746934,167,TJS Download,200,OK,Download_Services 1-189,text,true,,992,1622,2,2,http://filenetqa.carmax.org/TransactionJacketService/ws/TransactionJacket.wsdl,167,0,1
1665156747054,172,TJS Download,200,OK,Download_Services 1-190,text,true,,992,1622,2,2,http://filenetqa.carmax.org/TransactionJacketService/ws/TransactionJacket.wsdl,172,0,1
1665156747177,161,TJS Download,200,OK,Download_Services 1-191,text,true,,991,1622,2,2,http://filenetqa.carmax.org/TransactionJacketService/ws/TransactionJacket.wsdl,161,0,1
1665156747297,153,TJS Download,200,OK,Download_Services 1-192,text,true,,992,1622,2,2,http://filenetqa.carmax.org/TransactionJacketService/ws/TransactionJacket.wsdl,153,0,1
1665156747417,180,TJS Download,200,OK,Download_Services 1-193,text,true,,992,1622,2,2,http://filenetqa.carmax.org/TransactionJacketService/ws/TransactionJacket.wsdl,180,0,2
1665156747537,173,TJS Download,200,OK,Download_Services 1-194,text,true,,990,1621,2,2,http://filenetqa.carmax.org/TransactionJacketService/ws/TransactionJacket.wsdl,172,0,2
1665156747658,150,TJS Download,200,OK,Download_Services 1-195,text,true,,992,1622,2,2,http://filenetqa.carmax.org/TransactionJacketService/ws/TransactionJacket.wsdl,150,0,1
1665156747778,174,TJS Download,200,OK,Download_Services 1-196,text,true,,990,1622,2,2,http://filenetqa.carmax.org/TransactionJacketService/ws/TransactionJacket.wsdl,174,0,1
1665156747902,161,TJS Download,200,OK,Download_Services 1-197,text,true,,992,1622,2,2,http://filenetqa.carmax.org/TransactionJacketService/ws/TransactionJacket.wsdl,161,0,1
1665156748021,188,TJS Download,200,OK,Download_Services 1-198,text,true,,991,1622,2,2,http://filenetqa.carmax.org/TransactionJacketService/ws/TransactionJacket.wsdl,188,0,1
1665156748142,162,TJS Download,200,OK,Download_Services 1-199,text,true,,990,1622,2,2,http://filenetqa.carmax.org/TransactionJacketService/ws/TransactionJacket.wsdl,162,0,1
1665156748262,170,TJS Download,200,OK,Download_Services 1-200,text,true,,992,1622,2,2,http://filenetqa.carmax.org/TransactionJacketService/ws/TransactionJacket.wsdl,170,0,1
1665156748384,154,TJS Download,200,OK,Download_Services 1-201,text,true,,991,1622,2,2,http://filenetqa.carmax.org/TransactionJacketService/ws/TransactionJacket.wsdl,154,0,1
1665156748506,197,TJS Download,200,OK,Download_Services 1-202,text,true,,992,1622,2,2,http://filenetqa.carmax.org/TransactionJacketService/ws/TransactionJacket.wsdl,197,0,1
1665156748628,180,TJS Download,200,OK,Download_Services 1-203,text,true,,992,1622,2,2,http://filenetqa.carmax.org/TransactionJacketService/ws/TransactionJacket.wsdl,179,0,1
1665156748747,175,TJS Download,200,OK,Download_Services 1-204,text,true,,990,1622,2,2,http://filenetqa.carmax.org/TransactionJacketService/ws/TransactionJacket.wsdl,175,0,1
1665156748868,144,TJS Download,200,OK,Download_Services 1-205,text,true,,992,1622,2,2,http://filenetqa.carmax.org/TransactionJacketService/ws/TransactionJacket.wsdl,144,0,1
1665156748989,146,TJS Download,200,OK,Download_Services 1-206,text,true,,992,1622,2,2,http://filenetqa.carmax.org/TransactionJacketService/ws/TransactionJacket.wsdl,146,0,1
1665156749110,165,TJS Download,200,OK,Download_Services 1-207,text,true,,992,1622,2,2,http://filenetqa.carmax.org/TransactionJacketService/ws/TransactionJacket.wsdl,165,0,1
1665156749232,168,TJS Download,200,OK,Download_Services 1-208,text,true,,992,1622,2,2,http://filenetqa.carmax.org/TransactionJacketService/ws/TransactionJacket.wsdl,168,0,1
1665156749353,182,TJS Download,200,OK,Download_Services 1-209,text,true,,992,1622,2,2,http://filenetqa.carmax.org/TransactionJacketService/ws/TransactionJacket.wsdl,182,0,1
1665156749472,167,TJS Download,200,OK,Download_Services 1-210,text,true,,992,1622,2,2,http://filenetqa.carmax.org/TransactionJacketService/ws/TransactionJacket.wsdl,167,0,1
1665156749593,172,TJS Download,200,OK,Download_Services 1-211,text,true,,992,1621,2,2,http://filenetqa.carmax.org/TransactionJacketService/ws/TransactionJacket.wsdl,172,0,1
1665156749714,158,TJS Download,200,OK,Download_Services 1-212,text,true,,992,1622,2,2,http://filenetqa.carmax.org/TransactionJacketService/ws/TransactionJacket.wsdl,158,0,1
1665156749835,148,TJS Download,200,OK,Download_Services 1-213,text,true,,990,1622,2,2,http://filenetqa.carmax.org/TransactionJacketService/ws/TransactionJacket.wsdl,148,0,1
1665156749957,191,TJS Download,200,OK,Download_Services 1-214,text,true,,992,1622,2,2,http://filenetqa.carmax.org/TransactionJacketService/ws/TransactionJacket.wsdl,191,0,1
1665156750077,211,TJS Download,200,OK,Download_Services 1-215,text,true,,992,1622,2,2,http://filenetqa.carmax.org/TransactionJacketService/ws/TransactionJacket.wsdl,210,0,2
1665156750199,202,TJS Download,200,OK,Download_Services 1-216,text,true,,990,1621,2,2,http://filenetqa.carmax.org/TransactionJacketService/ws/TransactionJacket.wsdl,202,0,2
1665156750319,146,TJS Download,200,OK,Download_Services 1-217,text,true,,992,1622,2,2,http://filenetqa.carmax.org/TransactionJacketService/ws/TransactionJacket.wsdl,146,0,2
1665156750440,168,TJS Download,200,OK,Download_Services 1-218,text,true,,991,1621,2,2,http://filenetqa.carmax.org/TransactionJacketService/ws/TransactionJacket.wsdl,168,0,1
1665156750564,168,TJS Download,200,OK,Download_Services 1-219,text,true,,992,1621,2,2,http://filenetqa.carmax.org/TransactionJacketService/ws/TransactionJacket.wsdl,168,0,1
1665156750683,206,TJS Download,200,OK,Download_Services 1-220,text,true,,992,1622,2,2,http://filenetqa.carmax.org/TransactionJacketService/ws/TransactionJacket.wsdl,206,0,1
1665156750804,181,TJS Download,200,OK,Download_Services 1-221,text,true,,992,1622,2,2,http://filenetqa.carmax.org/TransactionJacketService/ws/TransactionJacket.wsdl,181,0,1
1665156750925,189,TJS Download,200,OK,Download_Services 1-222,text,true,,992,1622,2,2,http://filenetqa.carmax.org/TransactionJacketService/ws/TransactionJacket.wsdl,189,0,1
1665156751045,179,TJS Download,200,OK,Download_Services 1-223,text,true,,992,1622,2,2,http://filenetqa.carmax.org/TransactionJacketService/ws/TransactionJacket.wsdl,179,0,2
1665156751167,189,TJS Download,200,OK,Download_Services 1-224,text,true,,991,1622,2,2,http://filenetqa.carmax.org/TransactionJacketService/ws/TransactionJacket.wsdl,189,0,1
1665156751287,161,TJS Download,200,OK,Download_Services 1-225,text,true,,990,1622,2,2,http://filenetqa.carmax.org/TransactionJacketService/ws/TransactionJacket.wsdl,161,0,1
1665156751408,164,TJS Download,200,OK,Download_Services 1-226,text,true,,986,1622,2,2,http://filenetqa.carmax.org/TransactionJacketService/ws/TransactionJacket.wsdl,164,0,1
1665156751530,184,TJS Download,200,OK,Download_Services 1-227,text,true,,992,1622,2,2,http://filenetqa.carmax.org/TransactionJacketService/ws/TransactionJacket.wsdl,184,0,2
1665156751650,176,TJS Download,200,OK,Download_Services 1-228,text,true,,991,1622,2,2,http://filenetqa.carmax.org/TransactionJacketService/ws/TransactionJacket.wsdl,175,0,1
1665156751772,162,TJS Download,200,OK,Download_Services 1-229,text,true,,992,1622,2,2,http://filenetqa.carmax.org/TransactionJacketService/ws/TransactionJacket.wsdl,162,0,1
1665156751893,170,TJS Download,200,OK,Download_Services 1-230,text,true,,992,1621,2,2,http://filenetqa.carmax.org/TransactionJacketService/ws/TransactionJacket.wsdl,170,0,1
1665156752014,173,TJS Download,200,OK,Download_Services 1-231,text,true,,992,1622,2,2,http://filenetqa.carmax.org/TransactionJacketService/ws/TransactionJacket.wsdl,173,0,1
1665156752135,174,TJS Download,200,OK,Download_Services 1-232,text,true,,992,1622,2,2,http://filenetqa.carmax.org/TransactionJacketService/ws/TransactionJacket.wsdl,174,0,2
1665156752255,169,TJS Download,200,OK,Download_Services 1-233,text,true,,992,1622,2,2,http://filenetqa.carmax.org/TransactionJacketService/ws/TransactionJacket.wsdl,169,0,1
1665156752381,165,TJS Download,200,OK,Download_Services 1-234,text,true,,985,1622,2,2,http://filenetqa.carmax.org/TransactionJacketService/ws/TransactionJacket.wsdl,165,0,2
1665156752498,179,TJS Download,200,OK,Download_Services 1-235,text,true,,985,1621,2,2,http://filenetqa.carmax.org/TransactionJacketService/ws/TransactionJacket.wsdl,179,0,2
1665156752619,175,TJS Download,200,OK,Download_Services 1-236,text,true,,985,1622,2,2,http://filenetqa.carmax.org/TransactionJacketService/ws/TransactionJacket.wsdl,175,0,1
1665156752740,164,TJS Download,200,OK,Download_Services 1-237,text,true,,985,1622,2,2,http://filenetqa.carmax.org/TransactionJacketService/ws/TransactionJacket.wsdl,164,0,1
1665156752862,196,TJS Download,200,OK,Download_Services 1-238,text,true,,985,1622,2,2,http://filenetqa.carmax.org/TransactionJacketService/ws/TransactionJacket.wsdl,196,0,5
1665156752982,177,TJS Download,200,OK,Download_Services 1-239,text,true,,985,1622,2,2,http://filenetqa.carmax.org/TransactionJacketService/ws/TransactionJacket.wsdl,177,0,1
1665156753104,186,TJS Download,200,OK,Download_Services 1-240,text,true,,985,1622,2,2,http://filenetqa.carmax.org/TransactionJacketService/ws/TransactionJacket.wsdl,186,0,1
1665156753225,162,TJS Download,200,OK,Download_Services 1-241,text,true,,985,1622,2,2,http://filenetqa.carmax.org/TransactionJacketService/ws/TransactionJacket.wsdl,162,0,1
1665156753345,157,TJS Download,200,OK,Download_Services 1-242,text,true,,985,1622,2,2,http://filenetqa.carmax.org/TransactionJacketService/ws/TransactionJacket.wsdl,157,0,1
1665156753468,186,TJS Download,200,OK,Download_Services 1-243,text,true,,985,1622,2,2,http://filenetqa.carmax.org/TransactionJacketService/ws/TransactionJacket.wsdl,186,0,1
1665156753587,183,TJS Download,200,OK,Download_Services 1-244,text,true,,984,1621,2,2,http://filenetqa.carmax.org/TransactionJacketService/ws/TransactionJacket.wsdl,183,0,1
1665156753709,162,TJS Download,200,OK,Download_Services 1-245,text,true,,982,1622,2,2,http://filenetqa.carmax.org/TransactionJacketService/ws/TransactionJacket.wsdl,162,0,2
1665156753829,164,TJS Download,200,OK,Download_Services 1-246,text,true,,981,1622,2,2,http://filenetqa.carmax.org/TransactionJacketService/ws/TransactionJacket.wsdl,164,0,2
1665156753950,153,TJS Download,200,OK,Download_Services 1-247,text,true,,983,1622,2,2,http://filenetqa.carmax.org/TransactionJacketService/ws/TransactionJacket.wsdl,153,0,1
1665156754072,155,TJS Download,200,OK,Download_Services 1-248,text,true,,986,1621,2,2,http://filenetqa.carmax.org/TransactionJacketService/ws/TransactionJacket.wsdl,155,0,1
1665156754194,140,TJS Download,200,OK,Download_Services 1-249,text,true,,986,1622,2,2,http://filenetqa.carmax.org/TransactionJacketService/ws/TransactionJacket.wsdl,140,0,1
1665156754313,169,TJS Download,200,OK,Download_Services 1-250,text,true,,984,1622,2,2,http://filenetqa.carmax.org/TransactionJacketService/ws/TransactionJacket.wsdl,169,0,1
1665156754435,168,TJS Download,200,OK,Download_Services 1-251,text,true,,986,1622,2,2,http://filenetqa.carmax.org/TransactionJacketService/ws/TransactionJacket.wsdl,168,0,1
1665156754556,189,TJS Download,200,OK,Download_Services 1-252,text,true,,986,1622,2,2,http://filenetqa.carmax.org/TransactionJacketService/ws/TransactionJacket.wsdl,188,0,1
1665156754676,160,TJS Download,200,OK,Download_Services 1-253,text,true,,986,1622,2,2,http://filenetqa.carmax.org/TransactionJacketService/ws/TransactionJacket.wsdl,160,0,1
1665156754798,148,TJS Download,200,OK,Download_Services 1-254,text,true,,986,1622,2,2,http://filenetqa.carmax.org/TransactionJacketService/ws/TransactionJacket.wsdl,148,0,1
1665156754918,157,TJS Download,200,OK,Download_Services 1-255,text,true,,982,1622,2,2,http://filenetqa.carmax.org/TransactionJacketService/ws/TransactionJacket.wsdl,157,0,1
1665156755040,137,TJS Download,200,OK,Download_Services 1-256,text,true,,961,1622,2,2,http://filenetqa.carmax.org/TransactionJacketService/ws/TransactionJacket.wsdl,137,0,1
1665156755160,144,TJS Download,200,OK,Download_Services 1-257,text,true,,962,1622,2,2,http://filenetqa.carmax.org/TransactionJacketService/ws/TransactionJacket.wsdl,144,0,1
1665156755281,147,TJS Download,200,OK,Download_Services 1-258,text,true,,962,1622,2,2,http://filenetqa.carmax.org/TransactionJacketService/ws/TransactionJacket.wsdl,147,0,1
1665156755403,152,TJS Download,200,OK,Download_Services 1-259,text,true,,962,1622,2,2,http://filenetqa.carmax.org/TransactionJacketService/ws/TransactionJacket.wsdl,152,0,1
1665156755528,171,TJS Download,200,OK,Download_Services 1-260,text,true,,962,1622,2,2,http://filenetqa.carmax.org/TransactionJacketService/ws/TransactionJacket.wsdl,171,0,1
1665156755645,158,TJS Download,200,OK,Download_Services 1-261,text,true,,962,1622,2,2,http://filenetqa.carmax.org/TransactionJacketService/ws/TransactionJacket.wsdl,158,0,1
1665156755764,168,TJS Download,200,OK,Download_Services 1-262,text,true,,962,1622,2,2,http://filenetqa.carmax.org/TransactionJacketService/ws/TransactionJacket.wsdl,168,0,1
1665156755886,180,TJS Download,200,OK,Download_Services 1-263,text,true,,962,1622,2,2,http://filenetqa.carmax.org/TransactionJacketService/ws/TransactionJacket.wsdl,180,0,2
1665156756006,155,TJS Download,200,OK,Download_Services 1-264,text,true,,962,1622,2,2,http://filenetqa.carmax.org/TransactionJacketService/ws/TransactionJacket.wsdl,155,0,1
1665156756127,150,TJS Download,200,OK,Download_Services 1-265,text,true,,960,1621,2,2,http://filenetqa.carmax.org/TransactionJacketService/ws/TransactionJacket.wsdl,150,0,2
1665156756248,167,TJS Download,200,OK,Download_Services 1-266,text,true,,962,1622,2,2,http://filenetqa.carmax.org/TransactionJacketService/ws/TransactionJacket.wsdl,167,0,1
1665156756370,179,TJS Download,200,OK,Download_Services 1-267,text,true,,962,1622,2,2,http://filenetqa.carmax.org/TransactionJacketService/ws/TransactionJacket.wsdl,179,0,1
1665156756490,170,TJS Download,200,OK,Download_Services 1-268,text,true,,962,1622,2,2,http://filenetqa.carmax.org/TransactionJacketService/ws/TransactionJacket.wsdl,170,0,1
1665156756624,178,TJS Download,200,OK,Download_Services 1-269,text,true,,962,1622,2,2,http://filenetqa.carmax.org/TransactionJacketService/ws/TransactionJacket.wsdl,178,0,1
1665156756734,158,TJS Download,200,OK,Download_Services 1-270,text,true,,962,1622,2,2,http://filenetqa.carmax.org/TransactionJacketService/ws/TransactionJacket.wsdl,158,0,1
1665156756853,182,TJS Download,200,OK,Download_Services 1-271,text,true,,960,1621,2,2,http://filenetqa.carmax.org/TransactionJacketService/ws/TransactionJacket.wsdl,182,0,1
1665156756976,165,TJS Download,200,OK,Download_Services 1-272,text,true,,960,1621,2,2,http://filenetqa.carmax.org/TransactionJacketService/ws/TransactionJacket.wsdl,165,0,1
1665156757095,156,TJS Download,200,OK,Download_Services 1-273,text,true,,962,1622,2,2,http://filenetqa.carmax.org/TransactionJacketService/ws/TransactionJacket.wsdl,155,0,2
1665156757217,155,TJS Download,200,OK,Download_Services 1-274,text,true,,962,1622,2,2,http://filenetqa.carmax.org/TransactionJacketService/ws/TransactionJacket.wsdl,155,0,1
1665156757338,174,TJS Download,200,OK,Download_Services 1-275,text,true,,962,1622,2,2,http://filenetqa.carmax.org/TransactionJacketService/ws/TransactionJacket.wsdl,174,0,0
1665156757459,170,TJS Download,200,OK,Download_Services 1-276,text,true,,960,1621,2,2,http://filenetqa.carmax.org/TransactionJacketService/ws/TransactionJacket.wsdl,170,0,1
1665156757581,188,TJS Download,200,OK,Download_Services 1-277,text,true,,962,1622,2,2,http://filenetqa.carmax.org/TransactionJacketService/ws/TransactionJacket.wsdl,188,0,1
1665156757701,175,TJS Download,200,OK,Download_Services 1-278,text,true,,962,1622,2,2,http://filenetqa.carmax.org/TransactionJacketService/ws/TransactionJacket.wsdl,175,0,2
1665156757821,184,TJS Download,200,OK,Download_Services 1-279,text,true,,962,1622,2,2,http://filenetqa.carmax.org/TransactionJacketService/ws/TransactionJacket.wsdl,184,0,1
1665156757945,164,TJS Download,200,OK,Download_Services 1-280,text,true,,962,1622,2,2,http://filenetqa.carmax.org/TransactionJacketService/ws/TransactionJacket.wsdl,164,0,2
1665156758065,165,TJS Download,200,OK,Download_Services 1-281,text,true,,962,1622,2,2,http://filenetqa.carmax.org/TransactionJacketService/ws/TransactionJacket.wsdl,165,0,1
1665156758186,153,TJS Download,200,OK,Download_Services 1-282,text,true,,962,1622,2,2,http://filenetqa.carmax.org/TransactionJacketService/ws/TransactionJacket.wsdl,153,0,1
1665156758306,142,TJS Download,200,OK,Download_Services 1-283,text,true,,962,1622,2,2,http://filenetqa.carmax.org/TransactionJacketService/ws/TransactionJacket.wsdl,142,0,1
1665156758427,158,TJS Download,200,OK,Download_Services 1-284,text,true,,962,1622,2,2,http://filenetqa.carmax.org/TransactionJacketService/ws/TransactionJacket.wsdl,158,0,1
1665156758548,149,TJS Download,200,OK,Download_Services 1-285,text,true,,962,1622,2,2,http://filenetqa.carmax.org/TransactionJacketService/ws/TransactionJacket.wsdl,149,0,1
1665156758669,175,TJS Download,200,OK,Download_Services 1-286,text,true,,962,1622,2,2,http://filenetqa.carmax.org/TransactionJacketService/ws/TransactionJacket.wsdl,175,0,1
1665156758791,158,TJS Download,200,OK,Download_Services 1-287,text,true,,962,1622,2,2,http://filenetqa.carmax.org/TransactionJacketService/ws/TransactionJacket.wsdl,158,0,1
1665156758911,190,TJS Download,200,OK,Download_Services 1-288,text,true,,962,1622,2,2,http://filenetqa.carmax.org/TransactionJacketService/ws/TransactionJacket.wsdl,190,0,1
1665156759151,142,TJS Download,200,OK,Download_Services 1-290,text,true,,962,1622,3,3,http://filenetqa.carmax.org/TransactionJacketService/ws/TransactionJacket.wsdl,142,0,2
1665156759274,154,TJS Download,200,OK,Download_Services 1-291,text,true,,962,1622,3,3,http://filenetqa.carmax.org/TransactionJacketService/ws/TransactionJacket.wsdl,154,0,1
1665156759396,162,TJS Download,200,OK,Download_Services 1-292,text,true,,962,1622,3,3,http://filenetqa.carmax.org/TransactionJacketService/ws/TransactionJacket.wsdl,162,0,2
1665156759516,163,TJS Download,200,OK,Download_Services 1-293,text,true,,962,1622,3,3,http://filenetqa.carmax.org/TransactionJacketService/ws/TransactionJacket.wsdl,163,0,1
1665156759637,151,TJS Download,200,OK,Download_Services 1-294,text,true,,962,1622,3,3,http://filenetqa.carmax.org/TransactionJacketService/ws/TransactionJacket.wsdl,151,0,2
1665156759758,140,TJS Download,200,OK,Download_Services 1-295,text,true,,962,1622,3,3,http://filenetqa.carmax.org/TransactionJacketService/ws/TransactionJacket.wsdl,140,0,1
1665156759032,939,TJS Download,200,OK,Download_Services 1-289,text,false,Test failed: text expected to contain /\\CLBFLNFSSQ21FS\/,1182,1622,2,2,http://filenetqa.carmax.org/TransactionJacketService/ws/TransactionJacket.wsdl,939,0,1
1665156759879,143,TJS Download,200,OK,Download_Services 1-296,text,true,,962,1622,2,2,http://filenetqa.carmax.org/TransactionJacketService/ws/TransactionJacket.wsdl,143,0,1
1665156759999,152,TJS Download,200,OK,Download_Services 1-297,text,true,,962,1622,2,2,http://filenetqa.carmax.org/TransactionJacketService/ws/TransactionJacket.wsdl,152,0,1
1665156760121,179,TJS Download,200,OK,Download_Services 1-298,text,true,,962,1622,2,2,http://filenetqa.carmax.org/TransactionJacketService/ws/TransactionJacket.wsdl,179,0,1
1665156760242,144,TJS Download,200,OK,Download_Services 1-299,text,true,,962,1622,2,2,http://filenetqa.carmax.org/TransactionJacketService/ws/TransactionJacket.wsdl,144,0,1
1665156760364,157,TJS Download,200,OK,Download_Services 1-300,text,true,,962,1622,2,2,http://filenetqa.carmax.org/TransactionJacketService/ws/TransactionJacket.wsdl,157,0,1
1665156760484,182,TJS Download,200,OK,Download_Services 1-301,text,true,,962,1622,2,2,http://filenetqa.carmax.org/TransactionJacketService/ws/TransactionJacket.wsdl,182,0,1
1665156760605,155,TJS Download,200,OK,Download_Services 1-302,text,true,,960,1621,2,2,http://filenetqa.carmax.org/TransactionJacketService/ws/TransactionJacket.wsdl,155,0,1
1665156760725,165,TJS Download,200,OK,Download_Services 1-303,text,true,,962,1622,2,2,http://filenetqa.carmax.org/TransactionJacketService/ws/TransactionJacket.wsdl,165,0,2
1665156760847,168,TJS Download,200,OK,Download_Services 1-304,text,true,,962,1622,2,2,http://filenetqa.carmax.org/TransactionJacketService/ws/TransactionJacket.wsdl,168,0,1
1665156760968,174,TJS Download,200,OK,Download_Services 1-305,text,true,,962,1622,2,2,http://filenetqa.carmax.org/TransactionJacketService/ws/TransactionJacket.wsdl,174,0,1
1665156761088,173,TJS Download,200,OK,Download_Services 1-306,text,true,,962,1622,2,2,http://filenetqa.carmax.org/TransactionJacketService/ws/TransactionJacket.wsdl,173,0,2
1665156761210,157,TJS Download,200,OK,Download_Services 1-307,text,true,,962,1622,2,2,http://filenetqa.carmax.org/TransactionJacketService/ws/TransactionJacket.wsdl,157,0,1
1665156761331,161,TJS Download,200,OK,Download_Services 1-308,text,true,,962,1622,2,2,http://filenetqa.carmax.org/TransactionJacketService/ws/TransactionJacket.wsdl,161,0,1
1665156761452,156,TJS Download,200,OK,Download_Services 1-309,text,true,,962,1622,2,2,http://filenetqa.carmax.org/TransactionJacketService/ws/TransactionJacket.wsdl,156,0,1
1665156761573,154,TJS Download,200,OK,Download_Services 1-310,text,true,,962,1622,2,2,http://filenetqa.carmax.org/TransactionJacketService/ws/TransactionJacket.wsdl,154,0,1
1665156761694,161,TJS Download,200,OK,Download_Services 1-311,text,true,,962,1622,2,2,http://filenetqa.carmax.org/TransactionJacketService/ws/TransactionJacket.wsdl,161,0,1
1665156761816,160,TJS Download,200,OK,Download_Services 1-312,text,true,,962,1622,2,2,http://filenetqa.carmax.org/TransactionJacketService/ws/TransactionJacket.wsdl,160,0,1
1665156761935,175,TJS Download,200,OK,Download_Services 1-313,text,true,,962,1622,2,2,http://filenetqa.carmax.org/TransactionJacketService/ws/TransactionJacket.wsdl,175,0,1
1665156762056,171,TJS Download,200,OK,Download_Services 1-314,text,true,,962,1622,2,2,http://filenetqa.carmax.org/TransactionJacketService/ws/TransactionJacket.wsdl,171,0,2
1665156762178,161,TJS Download,200,OK,Download_Services 1-315,text,true,,962,1622,2,2,http://filenetqa.carmax.org/TransactionJacketService/ws/TransactionJacket.wsdl,161,0,1
1665156762299,169,TJS Download,200,OK,Download_Services 1-316,text,true,,962,1622,2,2,http://filenetqa.carmax.org/TransactionJacketService/ws/TransactionJacket.wsdl,169,0,1
1665156762420,157,TJS Download,200,OK,Download_Services 1-317,text,true,,962,1622,2,2,http://filenetqa.carmax.org/TransactionJacketService/ws/TransactionJacket.wsdl,157,0,2
1665156762541,143,TJS Download,200,OK,Download_Services 1-318,text,true,,962,1622,2,2,http://filenetqa.carmax.org/TransactionJacketService/ws/TransactionJacket.wsdl,143,0,2
1665156762661,167,TJS Download,200,OK,Download_Services 1-319,text,true,,962,1622,2,2,http://filenetqa.carmax.org/TransactionJacketService/ws/TransactionJacket.wsdl,167,0,1
1665156762782,167,TJS Download,200,OK,Download_Services 1-320,text,true,,962,1622,2,2,http://filenetqa.carmax.org/TransactionJacketService/ws/TransactionJacket.wsdl,167,0,1
1665156762903,154,TJS Download,200,OK,Download_Services 1-321,text,true,,962,1622,2,2,http://filenetqa.carmax.org/TransactionJacketService/ws/TransactionJacket.wsdl,154,0,1
1665156763024,168,TJS Download,200,OK,Download_Services 1-322,text,true,,962,1622,2,2,http://filenetqa.carmax.org/TransactionJacketService/ws/TransactionJacket.wsdl,168,0,2
1665156763146,148,TJS Download,200,OK,Download_Services 1-323,text,true,,962,1622,2,2,http://filenetqa.carmax.org/TransactionJacketService/ws/TransactionJacket.wsdl,148,0,1
1665156763266,167,TJS Download,200,OK,Download_Services 1-324,text,true,,962,1622,2,2,http://filenetqa.carmax.org/TransactionJacketService/ws/TransactionJacket.wsdl,167,0,1
1665156763387,133,TJS Download,200,OK,Download_Services 1-325,text,true,,962,1622,2,2,http://filenetqa.carmax.org/TransactionJacketService/ws/TransactionJacket.wsdl,133,0,2
1665156763517,164,TJS Download,200,OK,Download_Services 1-326,text,true,,962,1622,2,2,http://filenetqa.carmax.org/TransactionJacketService/ws/TransactionJacket.wsdl,164,0,1
1665156763630,144,TJS Download,200,OK,Download_Services 1-327,text,true,,962,1622,2,2,http://filenetqa.carmax.org/TransactionJacketService/ws/TransactionJacket.wsdl,144,0,1
1665156763752,172,TJS Download,200,OK,Download_Services 1-328,text,true,,962,1622,2,2,http://filenetqa.carmax.org/TransactionJacketService/ws/TransactionJacket.wsdl,172,0,2
1665156763873,171,TJS Download,200,OK,Download_Services 1-329,text,true,,962,1622,2,2,http://filenetqa.carmax.org/TransactionJacketService/ws/TransactionJacket.wsdl,171,0,1
1665156763993,173,TJS Download,200,OK,Download_Services 1-330,text,true,,962,1622,2,2,http://filenetqa.carmax.org/TransactionJacketService/ws/TransactionJacket.wsdl,173,0,1
1665156764114,160,TJS Download,200,OK,Download_Services 1-331,text,true,,962,1622,2,2,http://filenetqa.carmax.org/TransactionJacketService/ws/TransactionJacket.wsdl,160,0,1
1665156764235,144,TJS Download,200,OK,Download_Services 1-332,text,true,,962,1622,2,2,http://filenetqa.carmax.org/TransactionJacketService/ws/TransactionJacket.wsdl,144,0,1
1665156764356,170,TJS Download,200,OK,Download_Services 1-333,text,true,,962,1622,2,2,http://filenetqa.carmax.org/TransactionJacketService/ws/TransactionJacket.wsdl,170,0,1
1665156764476,162,TJS Download,200,OK,Download_Services 1-334,text,true,,962,1622,2,2,http://filenetqa.carmax.org/TransactionJacketService/ws/TransactionJacket.wsdl,162,0,1
1665156764598,145,TJS Download,200,OK,Download_Services 1-335,text,true,,962,1622,2,2,http://filenetqa.carmax.org/TransactionJacketService/ws/TransactionJacket.wsdl,145,0,1
1665156764720,165,TJS Download,200,OK,Download_Services 1-336,text,true,,962,1622,2,2,http://filenetqa.carmax.org/TransactionJacketService/ws/TransactionJacket.wsdl,165,0,1
1665156764841,151,TJS Download,200,OK,Download_Services 1-337,text,true,,962,1622,2,2,http://filenetqa.carmax.org/TransactionJacketService/ws/TransactionJacket.wsdl,151,0,1
1665156764962,165,TJS Download,200,OK,Download_Services 1-338,text,true,,962,1622,2,2,http://filenetqa.carmax.org/TransactionJacketService/ws/TransactionJacket.wsdl,165,0,1
1665156765082,183,TJS Download,200,OK,Download_Services 1-339,text,true,,962,1622,2,2,http://filenetqa.carmax.org/TransactionJacketService/ws/TransactionJacket.wsdl,183,0,1
1665156765204,186,TJS Download,200,OK,Download_Services 1-340,text,true,,962,1622,2,2,http://filenetqa.carmax.org/TransactionJacketService/ws/TransactionJacket.wsdl,186,0,1
1665156765325,166,TJS Download,200,OK,Download_Services 1-341,text,true,,962,1622,2,2,http://filenetqa.carmax.org/TransactionJacketService/ws/TransactionJacket.wsdl,162,0,1
1665156765445,154,TJS Download,200,OK,Download_Services 1-342,text,true,,962,1622,2,2,http://filenetqa.carmax.org/TransactionJacketService/ws/TransactionJacket.wsdl,154,0,1
1665156765567,166,TJS Download,200,OK,Download_Services 1-343,text,true,,962,1622,2,2,http://filenetqa.carmax.org/TransactionJacketService/ws/TransactionJacket.wsdl,166,0,1
1665156765687,176,TJS Download,200,OK,Download_Services 1-344,text,true,,962,1622,2,2,http://filenetqa.carmax.org/TransactionJacketService/ws/TransactionJacket.wsdl,176,0,1
1665156765809,179,TJS Download,200,OK,Download_Services 1-345,text,true,,962,1622,2,2,http://filenetqa.carmax.org/TransactionJacketService/ws/TransactionJacket.wsdl,179,0,1
1665156765930,164,TJS Download,200,OK,Download_Services 1-346,text,true,,962,1622,2,2,http://filenetqa.carmax.org/TransactionJacketService/ws/TransactionJacket.wsdl,163,0,1
1665156766050,154,TJS Download,200,OK,Download_Services 1-347,text,true,,962,1622,2,2,http://filenetqa.carmax.org/TransactionJacketService/ws/TransactionJacket.wsdl,154,0,1
1665156766171,172,TJS Download,200,OK,Download_Services 1-348,text,true,,962,1622,2,2,http://filenetqa.carmax.org/TransactionJacketService/ws/TransactionJacket.wsdl,172,0,1
1665156766292,160,TJS Download,200,OK,Download_Services 1-349,text,true,,962,1622,2,2,http://filenetqa.carmax.org/TransactionJacketService/ws/TransactionJacket.wsdl,160,0,1
1665156766412,162,TJS Download,200,OK,Download_Services 1-350,text,true,,962,1622,2,2,http://filenetqa.carmax.org/TransactionJacketService/ws/TransactionJacket.wsdl,162,0,1
1665156766536,169,TJS Download,200,OK,Download_Services 1-351,text,true,,962,1622,2,2,http://filenetqa.carmax.org/TransactionJacketService/ws/TransactionJacket.wsdl,169,0,1
1665156766656,179,TJS Download,200,OK,Download_Services 1-352,text,true,,962,1622,2,2,http://filenetqa.carmax.org/TransactionJacketService/ws/TransactionJacket.wsdl,179,0,2
1665156766776,188,TJS Download,200,OK,Download_Services 1-353,text,true,,962,1622,2,2,http://filenetqa.carmax.org/TransactionJacketService/ws/TransactionJacket.wsdl,188,0,1
1665156766896,174,TJS Download,200,OK,Download_Services 1-354,text,true,,962,1622,2,2,http://filenetqa.carmax.org/TransactionJacketService/ws/TransactionJacket.wsdl,173,0,1
1665156767017,170,TJS Download,200,OK,Download_Services 1-355,text,true,,962,1622,2,2,http://filenetqa.carmax.org/TransactionJacketService/ws/TransactionJacket.wsdl,170,0,1
1665156767138,172,TJS Download,200,OK,Download_Services 1-356,text,true,,962,1622,2,2,http://filenetqa.carmax.org/TransactionJacketService/ws/TransactionJacket.wsdl,172,0,1
1665156767260,201,TJS Download,200,OK,Download_Services 1-357,text,true,,962,1622,2,2,http://filenetqa.carmax.org/TransactionJacketService/ws/TransactionJacket.wsdl,201,0,1
1665156767380,171,TJS Download,200,OK,Download_Services 1-358,text,true,,962,1622,2,2,http://filenetqa.carmax.org/TransactionJacketService/ws/TransactionJacket.wsdl,171,0,1
1665156767502,170,TJS Download,200,OK,Download_Services 1-359,text,true,,962,1622,2,2,http://filenetqa.carmax.org/TransactionJacketService/ws/TransactionJacket.wsdl,170,0,1
1665156767628,172,TJS Download,200,OK,Download_Services 1-360,text,true,,962,1622,2,2,http://filenetqa.carmax.org/TransactionJacketService/ws/TransactionJacket.wsdl,172,0,1
1665156767745,171,TJS Download,200,OK,Download_Services 1-361,text,true,,962,1622,2,2,http://filenetqa.carmax.org/TransactionJacketService/ws/TransactionJacket.wsdl,170,0,1
1665156767867,199,TJS Download,200,OK,Download_Services 1-362,text,true,,962,1622,2,2,http://filenetqa.carmax.org/TransactionJacketService/ws/TransactionJacket.wsdl,199,0,1
1665156767987,208,TJS Download,200,OK,Download_Services 1-363,text,true,,962,1622,2,2,http://filenetqa.carmax.org/TransactionJacketService/ws/TransactionJacket.wsdl,208,0,1
1665156768108,156,TJS Download,200,OK,Download_Services 1-364,text,true,,962,1622,2,2,http://filenetqa.carmax.org/TransactionJacketService/ws/TransactionJacket.wsdl,156,0,1
1665156768228,140,TJS Download,200,OK,Download_Services 1-365,text,true,,962,1622,2,2,http://filenetqa.carmax.org/TransactionJacketService/ws/TransactionJacket.wsdl,140,0,1
1665156768349,170,TJS Download,200,OK,Download_Services 1-366,text,true,,962,1622,2,2,http://filenetqa.carmax.org/TransactionJacketService/ws/TransactionJacket.wsdl,170,0,1
1665156768470,172,TJS Download,200,OK,Download_Services 1-367,text,true,,962,1622,2,2,http://filenetqa.carmax.org/TransactionJacketService/ws/TransactionJacket.wsdl,172,0,1
1665156768591,176,TJS Download,200,OK,Download_Services 1-368,text,true,,962,1622,2,2,http://filenetqa.carmax.org/TransactionJacketService/ws/TransactionJacket.wsdl,176,0,1
1665156768832,159,TJS Download,200,OK,Download_Services 1-370,text,true,,960,1621,3,3,http://filenetqa.carmax.org/TransactionJacketService/ws/TransactionJacket.wsdl,159,0,1
1665156768953,172,TJS Download,200,OK,Download_Services 1-371,text,true,,962,1622,3,3,http://filenetqa.carmax.org/TransactionJacketService/ws/TransactionJacket.wsdl,172,0,1
1665156769074,181,TJS Download,200,OK,Download_Services 1-372,text,true,,962,1622,3,3,http://filenetqa.carmax.org/TransactionJacketService/ws/TransactionJacket.wsdl,181,0,1
1665156769197,177,TJS Download,200,OK,Download_Services 1-373,text,true,,962,1622,3,3,http://filenetqa.carmax.org/TransactionJacketService/ws/TransactionJacket.wsdl,177,0,1
1665156769316,162,TJS Download,200,OK,Download_Services 1-374,text,true,,962,1622,3,3,http://filenetqa.carmax.org/TransactionJacketService/ws/TransactionJacket.wsdl,162,0,1
1665156769437,187,TJS Download,200,OK,Download_Services 1-375,text,true,,962,1622,3,3,http://filenetqa.carmax.org/TransactionJacketService/ws/TransactionJacket.wsdl,187,0,1
1665156768712,914,TJS Download,200,OK,Download_Services 1-369,text,false,Test failed: text expected to contain /\\CLBFLNFSSQ21FS\/,1182,1622,2,2,http://filenetqa.carmax.org/TransactionJacketService/ws/TransactionJacket.wsdl,914,0,1
1665156769560,166,TJS Download,200,OK,Download_Services 1-376,text,true,,962,1622,2,2,http://filenetqa.carmax.org/TransactionJacketService/ws/TransactionJacket.wsdl,166,0,1
1665156769679,165,TJS Download,200,OK,Download_Services 1-377,text,true,,962,1622,2,2,http://filenetqa.carmax.org/TransactionJacketService/ws/TransactionJacket.wsdl,165,0,1
1665156769801,172,TJS Download,200,OK,Download_Services 1-378,text,true,,962,1622,2,2,http://filenetqa.carmax.org/TransactionJacketService/ws/TransactionJacket.wsdl,172,0,1
1665156769921,190,TJS Download,200,OK,Download_Services 1-379,text,true,,962,1622,2,2,http://filenetqa.carmax.org/TransactionJacketService/ws/TransactionJacket.wsdl,190,0,1
1665156770042,331,TJS Download,200,OK,Download_Services 1-380,text,true,,962,1622,3,3,http://filenetqa.carmax.org/TransactionJacketService/ws/TransactionJacket.wsdl,331,0,1
1665156770163,219,TJS Download,200,OK,Download_Services 1-381,text,true,,962,1622,2,2,http://filenetqa.carmax.org/TransactionJacketService/ws/TransactionJacket.wsdl,219,0,1
1665156770284,176,TJS Download,200,OK,Download_Services 1-382,text,true,,962,1622,2,2,http://filenetqa.carmax.org/TransactionJacketService/ws/TransactionJacket.wsdl,176,0,1
1665156770406,182,TJS Download,200,OK,Download_Services 1-383,text,true,,962,1622,2,2,http://filenetqa.carmax.org/TransactionJacketService/ws/TransactionJacket.wsdl,182,0,1
1665156770526,175,TJS Download,200,OK,Download_Services 1-384,text,true,,962,1622,2,2,http://filenetqa.carmax.org/TransactionJacketService/ws/TransactionJacket.wsdl,175,0,2
1665156770652,184,TJS Download,200,OK,Download_Services 1-385,text,true,,962,1622,2,2,http://filenetqa.carmax.org/TransactionJacketService/ws/TransactionJacket.wsdl,184,0,1
1665156770769,175,TJS Download,200,OK,Download_Services 1-386,text,true,,962,1622,2,2,http://filenetqa.carmax.org/TransactionJacketService/ws/TransactionJacket.wsdl,175,0,1
1665156770889,189,TJS Download,200,OK,Download_Services 1-387,text,true,,962,1622,2,2,http://filenetqa.carmax.org/TransactionJacketService/ws/TransactionJacket.wsdl,189,0,1
1665156771014,176,TJS Download,200,OK,Download_Services 1-388,text,true,,962,1622,2,2,http://filenetqa.carmax.org/TransactionJacketService/ws/TransactionJacket.wsdl,176,0,2
1665156771136,164,TJS Download,200,OK,Download_Services 1-389,text,true,,960,1621,2,2,http://filenetqa.carmax.org/TransactionJacketService/ws/TransactionJacket.wsdl,164,0,1
1665156771256,182,TJS Download,200,OK,Download_Services 1-390,text,true,,962,1622,2,2,http://filenetqa.carmax.org/TransactionJacketService/ws/TransactionJacket.wsdl,182,0,1
1665156771375,150,TJS Download,200,OK,Download_Services 1-391,text,true,,962,1622,2,2,http://filenetqa.carmax.org/TransactionJacketService/ws/TransactionJacket.wsdl,150,0,2
1665156771497,172,TJS Download,200,OK,Download_Services 1-392,text,true,,962,1622,2,2,http://filenetqa.carmax.org/TransactionJacketService/ws/TransactionJacket.wsdl,172,0,1
1665156771617,168,TJS Download,200,OK,Download_Services 1-393,text,true,,962,1622,2,2,http://filenetqa.carmax.org/TransactionJacketService/ws/TransactionJacket.wsdl,168,0,1
1665156771739,167,TJS Download,200,OK,Download_Services 1-394,text,true,,960,1621,2,2,http://filenetqa.carmax.org/TransactionJacketService/ws/TransactionJacket.wsdl,167,0,2
1665156771857,174,TJS Download,200,OK,Download_Services 1-395,text,true,,962,1622,2,2,http://filenetqa.carmax.org/TransactionJacketService/ws/TransactionJacket.wsdl,174,0,1
1665156771979,180,TJS Download,200,OK,Download_Services 1-396,text,true,,962,1622,2,2,http://filenetqa.carmax.org/TransactionJacketService/ws/TransactionJacket.wsdl,180,0,1
1665156772100,182,TJS Download,200,OK,Download_Services 1-397,text,true,,962,1622,2,2,http://filenetqa.carmax.org/TransactionJacketService/ws/TransactionJacket.wsdl,182,0,1
1665156772221,187,TJS Download,200,OK,Download_Services 1-398,text,true,,962,1622,2,2,http://filenetqa.carmax.org/TransactionJacketService/ws/TransactionJacket.wsdl,187,0,1
1665156772343,207,TJS Download,200,OK,Download_Services 1-399,text,true,,962,1622,2,2,http://filenetqa.carmax.org/TransactionJacketService/ws/TransactionJacket.wsdl,206,0,1
1665156772464,199,TJS Download,200,OK,Download_Services 1-400,text,true,,962,1622,2,2,http://filenetqa.carmax.org/TransactionJacketService/ws/TransactionJacket.wsdl,199,0,1
1665156772585,160,TJS Download,200,OK,Download_Services 1-401,text,true,,962,1622,2,2,http://filenetqa.carmax.org/TransactionJacketService/ws/TransactionJacket.wsdl,160,0,1
1665156772706,172,TJS Download,200,OK,Download_Services 1-402,text,true,,960,1621,2,2,http://filenetqa.carmax.org/TransactionJacketService/ws/TransactionJacket.wsdl,172,0,0
1665156772826,158,TJS Download,200,OK,Download_Services 1-403,text,true,,962,1622,2,2,http://filenetqa.carmax.org/TransactionJacketService/ws/TransactionJacket.wsdl,158,0,1
1665156772949,176,TJS Download,200,OK,Download_Services 1-404,text,true,,962,1622,2,2,http://filenetqa.carmax.org/TransactionJacketService/ws/TransactionJacket.wsdl,176,0,1
1665156773068,184,TJS Download,200,OK,Download_Services 1-405,text,true,,962,1622,2,2,http://filenetqa.carmax.org/TransactionJacketService/ws/TransactionJacket.wsdl,184,0,1
1665156773190,151,TJS Download,200,OK,Download_Services 1-406,text,true,,962,1622,2,2,http://filenetqa.carmax.org/TransactionJacketService/ws/TransactionJacket.wsdl,151,0,1
1665156773312,174,TJS Download,200,OK,Download_Services 1-407,text,true,,960,1621,2,2,http://filenetqa.carmax.org/TransactionJacketService/ws/TransactionJacket.wsdl,174,0,1
1665156773434,176,TJS Download,200,OK,Download_Services 1-408,text,true,,962,1622,2,2,http://filenetqa.carmax.org/TransactionJacketService/ws/TransactionJacket.wsdl,176,0,1
1665156773552,177,TJS Download,200,OK,Download_Services 1-409,text,true,,962,1622,2,2,http://filenetqa.carmax.org/TransactionJacketService/ws/TransactionJacket.wsdl,177,0,1
1665156773673,152,TJS Download,200,OK,Download_Services 1-410,text,true,,962,1622,2,2,http://filenetqa.carmax.org/TransactionJacketService/ws/TransactionJacket.wsdl,152,0,1
1665156773795,203,TJS Download,200,OK,Download_Services 1-411,text,true,,962,1622,2,2,http://filenetqa.carmax.org/TransactionJacketService/ws/TransactionJacket.wsdl,203,0,2
1665156773915,192,TJS Download,200,OK,Download_Services 1-412,text,true,,962,1622,2,2,http://filenetqa.carmax.org/TransactionJacketService/ws/TransactionJacket.wsdl,192,0,1
1665156774038,147,TJS Download,200,OK,Download_Services 1-413,text,true,,962,1622,2,2,http://filenetqa.carmax.org/TransactionJacketService/ws/TransactionJacket.wsdl,147,0,1
1665156774158,170,TJS Download,200,OK,Download_Services 1-414,text,true,,960,1621,2,2,http://filenetqa.carmax.org/TransactionJacketService/ws/TransactionJacket.wsdl,170,0,1
1665156774279,179,TJS Download,200,OK,Download_Services 1-415,text,true,,960,1621,2,2,http://filenetqa.carmax.org/TransactionJacketService/ws/TransactionJacket.wsdl,179,0,1
1665156774400,179,TJS Download,200,OK,Download_Services 1-416,text,true,,962,1622,2,2,http://filenetqa.carmax.org/TransactionJacketService/ws/TransactionJacket.wsdl,179,0,1
1665156774522,178,TJS Download,200,OK,Download_Services 1-417,text,true,,962,1622,2,2,http://filenetqa.carmax.org/TransactionJacketService/ws/TransactionJacket.wsdl,178,0,1
1665156774642,190,TJS Download,200,OK,Download_Services 1-418,text,true,,962,1622,2,2,http://filenetqa.carmax.org/TransactionJacketService/ws/TransactionJacket.wsdl,190,0,1
1665156774763,177,TJS Download,200,OK,Download_Services 1-419,text,true,,962,1622,2,2,http://filenetqa.carmax.org/TransactionJacketService/ws/TransactionJacket.wsdl,177,0,1
1665156774883,181,TJS Download,200,OK,Download_Services 1-420,text,true,,962,1622,2,2,http://filenetqa.carmax.org/TransactionJacketService/ws/TransactionJacket.wsdl,181,0,1
1665156775007,178,TJS Download,200,OK,Download_Services 1-421,text,true,,962,1622,2,2,http://filenetqa.carmax.org/TransactionJacketService/ws/TransactionJacket.wsdl,178,0,1
1665156775126,154,TJS Download,200,OK,Download_Services 1-422,text,true,,962,1622,2,2,http://filenetqa.carmax.org/TransactionJacketService/ws/TransactionJacket.wsdl,154,0,1
1665156775246,163,TJS Download,200,OK,Download_Services 1-423,text,true,,962,1622,2,2,http://filenetqa.carmax.org/TransactionJacketService/ws/TransactionJacket.wsdl,163,0,0
1665156775368,293,TJS Download,200,OK,Download_Services 1-424,text,true,,962,1622,3,3,http://filenetqa.carmax.org/TransactionJacketService/ws/TransactionJacket.wsdl,293,0,1
1665156775488,218,TJS Download,200,OK,Download_Services 1-425,text,true,,962,1622,2,2,http://filenetqa.carmax.org/TransactionJacketService/ws/TransactionJacket.wsdl,218,0,1
1665156775613,192,TJS Download,200,OK,Download_Services 1-426,text,true,,962,1622,2,2,http://filenetqa.carmax.org/TransactionJacketService/ws/TransactionJacket.wsdl,192,0,1
1665156775732,176,TJS Download,200,OK,Download_Services 1-427,text,true,,962,1622,2,2,http://filenetqa.carmax.org/TransactionJacketService/ws/TransactionJacket.wsdl,176,0,1
1665156775853,176,TJS Download,200,OK,Download_Services 1-428,text,true,,962,1622,2,2,http://filenetqa.carmax.org/TransactionJacketService/ws/TransactionJacket.wsdl,176,0,1
1665156776095,26,TJS Download,Non HTTP response code: java.net.SocketException,Non HTTP response message: Socket closed,Download_Services 1-430,text,false,Test failed: text expected to contain /\\CLBFLNFSSQ21FS\/,2556,0,2,2,http://filenetqa.carmax.org/TransactionJacketService/ws/TransactionJacket.wsdl,0,0,1
1665156775973,161,TJS Download,Non HTTP response code: java.net.SocketException,Non HTTP response message: Socket closed,Download_Services 1-429,text,false,Test failed: text expected to contain /\\CLBFLNFSSQ21FS\/,2556,0,3,3,http://filenetqa.carmax.org/TransactionJacketService/ws/TransactionJacket.wsdl,0,0,1
